Workbook

Sheet Instrucciones
B2: Planificador de Actividades del Evento
B3: Cómo usar este archivo
B5: Hoja «Actividades» | C5: Una fila por actividad. Rellena las celdas con fondo crema; las columnas grises se calculan solas.
B6: Hoja «Contactos» | C6: Directorio de responsables y personas de contacto (nombre, rol, teléfono, email). Los nombres aparecen como lista desplegable en Actividades.
B7: Fecha límite | C7: Día máximo para dejar la actividad lista/preparada (formato dd/mm/aaaa).
B8: Fecha / Hora de realización | C8: Cuándo se ejecuta la actividad durante el evento (fecha dd/mm/aaaa, hora hh:mm).
B9: Contactar con | C9: Persona con quien hay que coordinar o cuadrar la actividad. Su teléfono y email se rellenan solos desde «Contactos».
B10: Estado | C10: Pendiente · En proceso · Completada · Cancelada (lista desplegable).
B11: Días restantes | C11: Calculado: días que faltan hasta la fecha límite. Negativo = vencida.
B12: Colores automáticos | C12: Rojo = fecha límite vencida y no completada · Amarillo = vence en 3 días o menos · Verde = completada.
B13: Filas de ejemplo | C13: Las filas incluidas son solo ejemplos del formato esperado: sobrescríbelas o bórralas.
B15: Leyenda
C16: Celda para rellenar
C17: Celda calculada (no editar)
C18: Fecha límite vencida
C19: Vence en ≤ 3 días
C20: Completada

Sheet Actividades
A1: Planificación de Actividades del Evento
A2: Evento: | B2: (escribe aquí el nombre del evento) | E2: Fecha del evento: | F2: (dd/mm/aaaa) | H2: Hoy: | I2: =TODAY() -> 46302 | K2: Pendientes: | L2: =COUNTIF(M5:M104,"Pendiente")+COUNTIF(M5:M104,"En proceso") -> 3 | M2: Vencidas: | N2: =SUMPRODUCT((E5:E104<>"")*(E5:E104<TODAY())*(M5:M104<>"Completada")*(M5:M104<>"Cancelada")) -> 0
A4: N° | B4: Actividad | C4: Descripción / Detalles | D4: Responsable | E4: Fecha límite | F4: Días restantes | G4: Contactar con (para cuadrar) | H4: Teléfono contacto | I4: Email contacto | J4: Fecha de realización | K4: Hora de realización | L4: Lugar | M4: Estado | N4: Observaciones
A5: =IF(B5="","",ROW()-4) -> 1 | B5: Reservar el salón | C5: Confirmar reserva y pagar señal | D5: Laura Gómez | E5: 46315 | F5: =IF(OR(E5="",M5="Completada",M5="Cancelada"),"",E5-TODAY()) -> 13 | G5: Carlos Pérez | H5: =IF(G5="","",IFERROR(INDEX(Contactos!$C$4:$C$100,MATCH(G5,Contactos!$A$4:$A$100,0)),"")) -> 600 333 444 | I5: =IF(G5="","",IFERROR(INDEX(Contactos!$D$4:$D$100,MATCH(G5,Contactos!$A$4:$A$100,0)),"")) -> carlos.perez@ejemplo.com | J5: 46340 | K5: 0.375 | L5: Salón principal | M5: En proceso
A6: =IF(B6="","",ROW()-4) -> 2 | B6: Contratar catering | C6: Menú para 120 personas, incluir opción vegetariana | D6: Carlos Pérez | E6: 46325 | F6: =IF(OR(E6="",M6="Completada",M6="Cancelada"),"",E6-TODAY()) -> 23 | G6: Marta Ruiz | H6: =IF(G6="","",IFERROR(INDEX(Contactos!$C$4:$C$100,MATCH(G6,Contactos!$A$4:$A$100,0)),"")) -> 600 555 666 | I6: =IF(G6="","",IFERROR(INDEX(Contactos!$D$4:$D$100,MATCH(G6,Contactos!$A$4:$A$100,0)),"")) -> marta.ruiz@ejemplo.com | J6: 46340 | K6: 0.5625 | L6: Comedor | M6: Pendiente | N6: Pedir 3 presupuestos
A7: =IF(B7="","",ROW()-4) -> 3 | B7: Prueba de sonido | C7: Micrófonos, proyector y música de fondo | D7: Andrés López | E7: 46339 | F7: =IF(OR(E7="",M7="Completada",M7="Cancelada"),"",E7-TODAY()) -> 37 | G7: Laura Gómez | H7: =IF(G7="","",IFERROR(INDEX(Contactos!$C$4:$C$100,MATCH(G7,Contactos!$A$4:$A$100,0)),"")) -> 600 111 222 | I7: =IF(G7="","",IFERROR(INDEX(Contactos!$D$4:$D$100,MATCH(G7,Contactos!$A$4:$A$100,0)),"")) -> laura.gomez@ejemplo.com | J7: 46340 | K7: 0.33333333 | L7: Escenario | M7: Pendiente
A8: =IF(B8="","",ROW()-4) | F8: =IF(OR(E8="",M8="Completada",M8="Cancelada"),"",E8-TODAY()) | H8: =IF(G8="","",IFERROR(INDEX(Contactos!$C$4:$C$100,MATCH(G8,Contactos!$A$4:$A$100,0)),"")) | I8: =IF(G8="","",IFERROR(INDEX(Contactos!$D$4:$D$100,MATCH(G8,Contactos!$A$4:$A$100,0)),""))
A9: =IF(B9="","",ROW()-4) | F9: =IF(OR(E9="",M9="Completada",M9="Cancelada"),"",E9-TODAY()) | H9: =IF(G9="","",IFERROR(INDEX(Contactos!$C$4:$C$100,MATCH(G9,Contactos!$A$4:$A$100,0)),"")) | I9: =IF(G9="","",IFERROR(INDEX(Contactos!$D$4:$D$100,MATCH(G9,Contactos!$A$4:$A$100,0)),""))
A10: =IF(B10="","",ROW()-4) | F10: =IF(OR(E10="",M10="Completada",M10="Cancelada"),"",E10-TODAY()) | H10: =IF(G10="","",IFERROR(INDEX(Contactos!$C$4:$C$100,MATCH(G10,Contactos!$A$4:$A$100,0)),"")) | I10: =IF(G10="","",IFERROR(INDEX(Contactos!$D$4:$D$100,MATCH(G10,Contactos!$A$4:$A$100,0)),""))
A11: =IF(B11="","",ROW()-4) | F11: =IF(OR(E11="",M11="Completada",M11="Cancelada"),"",E11-TODAY()) | H11: =IF(G11="","",IFERROR(INDEX(Contactos!$C$4:$C$100,MATCH(G11,Contactos!$A$4:$A$100,0)),"")) | I11: =IF(G11="","",IFERROR(INDEX(Contactos!$D$4:$D$100,MATCH(G11,Contactos!$A$4:$A$100,0)),""))
A12: =IF(B12="","",ROW()-4) | F12: =IF(OR(E12="",M12="Completada",M12="Cancelada"),"",E12-TODAY()) | H12: =IF(G12="","",IFERROR(INDEX(Contactos!$C$4:$C$100,MATCH(G12,Contactos!$A$4:$A$100,0)),"")) | I12: =IF(G12="","",IFERROR(INDEX(Contactos!$D$4:$D$100,MATCH(G12,Contactos!$A$4:$A$100,0)),""))
A13: =IF(B13="","",ROW()-4) | F13: =IF(OR(E13="",M13="Completada",M13="Cancelada"),"",E13-TODAY()) | H13: =IF(G13="","",IFERROR(INDEX(Contactos!$C$4:$C$100,MATCH(G13,Contactos!$A$4:$A$100,0)),"")) | I13: =IF(G13="","",IFERROR(INDEX(Contactos!$D$4:$D$100,MATCH(G13,Contactos!$A$4:$A$100,0)),""))
A14: =IF(B14="","",ROW()-4) | F14: =IF(OR(E14="",M14="Completada",M14="Cancelada"),"",E14-TODAY()) | H14: =IF(G14="","",IFERROR(INDEX(Contactos!$C$4:$C$100,MATCH(G14,Contactos!$A$4:$A$100,0)),"")) | I14: =IF(G14="","",IFERROR(INDEX(Contactos!$D$4:$D$100,MATCH(G14,Contactos!$A$4:$A$100,0)),""))
A15: =IF(B15="","",ROW()-4) | F15: =IF(OR(E15="",M15="Completada",M15="Cancelada"),"",E15-TODAY()) | H15: =IF(G15="","",IFERROR(INDEX(Contactos!$C$4:$C$100,MATCH(G15,Contactos!$A$4:$A$100,0)),"")) | I15: =IF(G15="","",IFERROR(INDEX(Contactos!$D$4:$D$100,MATCH(G15,Contactos!$A$4:$A$100,0)),""))
A16: =IF(B16="","",ROW()-4) | F16: =IF(OR(E16="",M16="Completada",M16="Cancelada"),"",E16-TODAY()) | H16: =IF(G16="","",IFERROR(INDEX(Contactos!$C$4:$C$100,MATCH(G16,Contactos!$A$4:$A$100,0)),"")) | I16: =IF(G16="","",IFERROR(INDEX(Contactos!$D$4:$D$100,MATCH(G16,Contactos!$A$4:$A$100,0)),""))
A17: =IF(B17="","",ROW()-4) | F17: =IF(OR(E17="",M17="Completada",M17="Cancelada"),"",E17-TODAY()) | H17: =IF(G17="","",IFERROR(INDEX(Contactos!$C$4:$C$100,MATCH(G17,Contactos!$A$4:$A$100,0)),"")) | I17: =IF(G17="","",IFERROR(INDEX(Contactos!$D$4:$D$100,MATCH(G17,Contactos!$A$4:$A$100,0)),""))
A18: =IF(B18="","",ROW()-4) | F18: =IF(OR(E18="",M18="Completada",M18="Cancelada"),"",E18-TODAY()) | H18: =IF(G18="","",IFERROR(INDEX(Contactos!$C$4:$C$100,MATCH(G18,Contactos!$A$4:$A$100,0)),"")) | I18: =IF(G18="","",IFERROR(INDEX(Contactos!$D$4:$D$100,MATCH(G18,Contactos!$A$4:$A$100,0)),""))
A19: =IF(B19="","",ROW()-4) | F19: =IF(OR(E19="",M19="Completada",M19="Cancelada"),"",E19-TODAY()) | H19: =IF(G19="","",IFERROR(INDEX(Contactos!$C$4:$C$100,MATCH(G19,Contactos!$A$4:$A$100,0)),"")) | I19: =IF(G19="","",IFERROR(INDEX(Contactos!$D$4:$D$100,MATCH(G19,Contactos!$A$4:$A$100,0)),""))
... A104: =IF(B104="","",ROW()-4) | F104: =IF(OR(E104="",M104="Completada",M104="Cancelada"),"",E104-TODAY()) | H104: =IF(G104="","",IFERROR(INDEX(Contactos!$C$4:$C$100,MATCH(G104,Contactos!$A$4:$A$100,0)),"")) | I104: =IF(G104="","",IFERROR(INDEX(Contactos!$D$4:$D$100,MATCH(G104,Contactos!$A$4:$A$100,0)),""))

Sheet Contactos
A1: Directorio de Responsables y Contactos
A3: Nombre | B3: Rol / Área | C3: Teléfono | D3: Email | E3: Notas
A4: Laura Gómez | B4: Coordinación general | C4: 600 111 222 | D4: laura.gomez@ejemplo.com | E4: Ejemplo
A5: Carlos Pérez | B5: Logística | C5: 600 333 444 | D5: carlos.perez@ejemplo.com | E5: Ejemplo
A6: Marta Ruiz | B6: Catering (proveedor) | C6: 600 555 666 | D6: marta.ruiz@ejemplo.com | E6: Ejemplo
A7: Andrés López | B7: Audio y sonido | C7: 600 777 888 | D7: andres.lopez@ejemplo.com | E7: Ejemplo
